{
  "actions": {
    "captures": {
      "black": 6403,
      "games_with_no_capture": 102,
      "mean_per_game": 6.309,
      "total": 12618,
      "white": 6215
    },
    "placements": {
      "black": 15845,
      "total": 31640,
      "white": 15795
    },
    "shifts": {
      "black": 117740,
      "total": 235014,
      "white": 117274
    }
  },
  "branching": {
    "decision_nodes": 266654,
    "maximum": 35,
    "mean": 12.63300381768134,
    "mean_by_ply": {
      "0": 25,
      "1": 24,
      "2": 26.093,
      "3": 25.087,
      "4": 26.596,
      "5": 25.604,
      "6": 26.6805,
      "7": 25.683,
      "8": 26.5615,
      "9": 25.5225,
      "10": 26.22,
      "11": 25.127563781890945,
      "12": 25.697394789579157,
      "13": 24.644110275689222,
      "14": 25.109492717227525,
      "15": 24.133568548387096,
      "16": 23.644444444444446,
      "17": 22.926792069140824,
      "18": 21.444900051255765,
      "19": 20.900466562986004,
      "20": 19.016727652901203,
      "21": 18.61355214399153,
      "22": 16.767416934619508,
      "23": 16.457883369330453,
      "24": 14.900546448087432,
      "25": 14.643132928847214,
      "26": 13.363788300835655,
      "27": 13.111801242236025,
      "28": 12.381984036488028,
      "29": 12.214942528735632,
      "30": 11.70932252460915,
      "31": 11.543797766019988,
      "32": 11.427299703264095,
      "33": 11.323371189479976,
      "34": 11.209891435464415,
      "35": 11.121341463414634,
      "36": 11.084672435105068,
      "37": 11.025481665630826,
      "38": 10.945454545454545,
      "39": 10.982256020278834,
      "40": 10.980891719745223,
      "41": 11.005787781350483,
      "42": 10.983072916666666,
      "43": 11.06172028890348,
      "44": 10.999339498018495,
      "45": 10.99003984063745,
      "46": 11.005326231691079,
      "47": 10.854472630173564,
      "48": 11.036241610738255,
      "49": 10.841001353179973,
      "50": 11.01497617426821,
      "51": 10.803019903912148,
      "52": 10.998617829993089,
      "53": 10.759195003469813,
      "54": 10.960975609756098,
      "55": 10.825874125874126,
      "56": 10.95572733661279,
      "57": 10.769992922859165,
      "58": 10.834399431414356,
      "59": 10.680684248039915,
      "60": 10.777060931899642,
      "61": 10.624819624819624,
      "62": 10.892753623188407,
      "63": 10.578717201166182,
      "64": 10.859546452084857,
      "65": 10.524578136463683,
      "66": 10.795136330140014,
      "67": 10.630450849963045,
      "68": 10.77037037037037,
      "69": 10.561664190193165,
      "70": 10.712900820283371,
      "71": 10.521412471825695,
      "72": 10.641779788838612,
      "73": 10.593797276853252,
      "74": 10.54828897338403,
      "75": 10.55640243902439,
      "76": 10.560733384262797,
      "77": 10.567484662576687,
      "78": 10.421779141104295,
      "79": 10.550501156515034,
      "80": 10.48878576952823,
      "81": 10.490697674418605,
      "82": 10.493012422360248,
      "83": 10.502340093603744,
      "84": 10.453479280688038,
      "85": 10.449764521193092,
      "86": 10.370866141732284,
      "87": 10.461720599842147,
      "88": 10.299287410926366,
      "89": 10.406819984139572,
      "90": 10.348171701112877,
      "91": 10.45859872611465,
      "92": 10.281274900398406,
      "93": 10.370607028753994,
      "94": 10.280448717948717,
      "95": 10.296950240770466,
      "96": 10.298711755233494,
      "97": 10.291700241740532,
      "98": 10.24758064516129,
      "99": 10.276252019386106,
      "100": 10.201293451899758,
      "101": 10.171799027552675,
      "102": 10.13484971567831,
      "103": 10.18130081300813,
      "104": 10.204897959183674,
      "105": 10.049795918367346,
      "106": 10.121831561733442,
      "107": 10.054828150572831,
      "108": 10.099261689909762,
      "109": 10.012355848434925,
      "110": 10.054500412881916,
      "111": 9.948717948717949,
      "112": 9.998341625207297,
      "113": 9.914522821576764,
      "114": 10.014950166112957,
      "115": 9.8477537437604,
      "116": 9.988313856427379,
      "117": 9.902173913043478,
      "118": 9.949748743718592,
      "119": 9.93681550126369,
      "120": 9.90363482671175,
      "121": 9.871295512277731,
      "122": 9.974533106960951,
      "123": 9.85641461342396,
      "124": 9.948173322005097,
      "125": 9.81825938566553,
      "126": 9.822374039282664,
      "127": 9.821061643835616,
      "128": 9.760963026655203,
      "129": 9.755190311418685,
      "130": 9.74501300954033,
      "131": 9.717391304347826,
      "132": 9.715156794425088,
      "133": 9.658238884045335,
      "134": 9.672790901137358,
      "135": 9.555263157894737,
      "136": 9.659050966608085,
      "137": 9.560458958517211,
      "138": 9.584738243123336,
      "139": 9.463587921847246,
      "140": 9.589698046181173,
      "141": 9.506227758007118,
      "142": 9.54853072128228,
      "143": 9.415329768270945,
      "144": 9.462913315460233,
      "145": 9.452103849597135,
      "146": 9.413141314131414,
      "147": 9.382671480144404,
      "148": 9.353206865401987,
      "149": 9.497282608695652,
      "150": 9.412568306010929,
      "151": 9.425959780621572,
      "152": 9.38060384263495,
      "153": 9.372477064220183,
      "154": 9.370745170193192,
      "155": 9.35668202764977,
      "156": 9.381700554528651,
      "157": 9.260667903525047,
      "158": 9.410997204100653,
      "159": 9.2022367194781,
      "160": 9.237161531279177,
      "161": 9.284910965323336,
      "162": 9.320524835988753,
      "163": 9.199056603773585,
      "164": 9.2219074598678,
      "165": 9.201704545454545,
      "166": 9.195445920303605,
      "167": 9.242884250474383,
      "168": 9.243114909781577,
      "169": 9.15289648622982,
      "170": 9.112274024738344,
      "171": 9.138095238095238,
      "172": 9.121067683508103,
      "173": 9.03629417382999,
      "174": 9.087081339712919,
      "175": 9.021072796934867,
      "176": 9.014409221902017,
      "177": 9.031761308950914,
      "178": 9.009661835748792,
      "179": 9.019361084220716,
      "180": 8.971871968962173,
      "181": 8.924124513618677,
      "182": 9.05170731707317,
      "183": 9.003910068426197,
      "184": 9.045098039215686,
      "185": 8.91756624141315,
      "186": 9.01577909270217,
      "187": 8.82938856015779,
      "188": 8.983168316831684,
      "189": 8.781188118811881,
      "190": 9.048514851485148,
      "191": 8.838805970149254,
      "192": 8.967098703888334,
      "193": 8.731731731731731,
      "194": 8.937625754527163,
      "195": 8.71975806451613,
      "196": 8.933265925176947,
      "197": 8.708206686930092,
      "198": 8.914634146341463,
      "199": 8.581892166836216
    },
    "median": 11.0,
    "minimum": 1
  },
  "configuration": {
    "board_size": 5,
    "code_version": "f4550102b8a3879d5754ac8dc30eaaac017f2833",
    "games": 2000,
    "independent_rng_per_game": true,
    "ply_observation_limit": 200,
    "python_version": "3.13.5",
    "seed_end_inclusive": 1999,
    "seed_start": 0,
    "stones_per_player": 8
  },
  "experiment": "keystone-v0.1-random-pathology-screen",
  "final_stones": {
    "black_distribution": {"0": 53, "1": 109, "2": 191, "3": 252, "4": 248, "5": 275, "6": 319, "7": 322, "8": 231},
    "mean_black": 4.815,
    "mean_white": 4.696,
    "white_distribution": {"0": 43, "1": 130, "2": 194, "3": 264, "4": 265, "5": 279, "6": 330, "7": 313, "8": 182}
  },
  "interpretation_limit": "Random play tests termination and gross pathology only; its win rates are not evidence of strategic balance.",
  "opening_destinations": {"A1": 79, "A2": 67, "A3": 72, "A4": 105, "A5": 67, "B1": 103, "B2": 95, "B3": 87, "B4": 90, "B5": 75, "C1": 86, "C2": 73, "C3": 82, "C4": 82, "C5": 66, "D1": 79, "D2": 70, "D3": 71, "D4": 84, "D5": 80, "E1": 82, "E2": 79, "E3": 67, "E4": 80, "E5": 79},
  "plies": {
    "maximum": 200,
    "mean": 133.327,
    "mean_by_end_mode": {"immobilization": 157.43269230769232, "limit": 200,